priref;associated_subject_1;associated_subject_2;associated_subject_3;associated_subject_4;description;institution_name;institution_place;material_1;material_2;object_category;object_name;object_number;creator_name;production_place;acquisition_place;technique
13279;sculptuur;beeldhouwkunst;masker;dier;Buffelmasker: rood-zwart gekleurde kop met lange horens. Niet gebruikt voor rituele doeleinden, vermoedelijk vervaardigd voor de externe verkoop.;Rijksdienst voor het Cultureel Erfgoed;AMERSFOORT;hout;verf;ethnografica;figuurplastiek;AB15389;onbekend;Kameroen;Rotterdam;
13281;sculptuur;beeldhouwkunst;masker;dier;Opzetdansmasker: hoornsmasker op ondergrond van touwwerk. Niet gebruikt voor rituele doeleinden, vermoedelijk vervaardigd voor de externe verkoop.;Rijksdienst voor het Cultureel Erfgoed;AMERSFOORT;hout;touw;ethnografica;figuurplastiek;AB15390;Igbo, Volk van;Kameroen;Rotterdam;
13282;sculptuur;beeldhouwkunst;vrouwen;;Zittende vrouw op krukje;Rijksdienst voor het Cultureel Erfgoed;AMERSFOORT;hout;verf;ethnografica;figuurplastiek;AB15391;Senufo, Volk van;Ivoorkust;Rotterdam;gepatineerd
13284;sculptuur;beeldhouwkunst;mannen;masker;Figuur met speerpunt door rechter oog. Aan de achterzijde is ter hoogte van de onderrug een maskergezicht aangebracht. De figuur vertoont een mix aan stijlkenmerken die toegeschreven kunnen worden aan zowel de Igbo als de Eket. De figuur is waarschijnlijk een hoofdmasker (headdress) dat bedoeld is om op het hoofd te dragen samen met een, aan de ronde basis bevestigd, maskerkostuum. Het is niet zeker of dit figuur ook echt gebruikt is of dat het specifiek vervaardigd is voor de externe markt.;Rijksdienst voor het Cultureel Erfgoed;AMERSFOORT;staal;hout;ethnografica;figuurplastiek;AB15393;Igbo, Volk van;Nigeria;Rotterdam;
13285;sculptuur;beeldhouwkunst;masker;;Langwerpig masker met schelpenrand-decoratie;Rijksdienst voor het Cultureel Erfgoed;AMERSFOORT;hout;mensenhaar;ethnografica;figuurplastiek;AB15394;Beneden-Sepik, Volk van;Papoea-Nieuw-Guinea;Rotterdam;
13333;sculptuur;beeldhouwkunst;fragment;archeologica;Gezicht van vrouw met hoed. Fragment afkomstig van kleine figurines uit graven.;Rijksdienst voor het Cultureel Erfgoed;AMERSFOORT;aardewerk;pigment;ethnografica;figuurplastiek;AB15425;Teotihuacan, Volk van;Mexico;Rotterdam;
22897;kist;meubel;;;"Documentenkist met zilveren sleutel.
Rechthoekige houten kist op vier hoge bolvormige houten pootjes met plat deksel is op alle hoeken voorzien van vlak én opengewerkt zilveren beslagwerk van noppen, gestileerde bladeren en vazen waarin bloem- en bladertakken. Rond het sleutelgat een schildvormige sleutelplaat met een symetrisch patroon van tweee gekrulde bloemtakken, waarop twee van elkaar afgewende vogels, omgeven door een rand bloemen en bladeren. Hieromheen vier rozetvormige knoppen. Op het deksel een opengewerkt ruitmotief met in het midden een bloem waaromheen symetrisch gekrulde bloem- en bladranken. Eveneens vier rozetvormige knoppen. Aan weerszijde een opengewerkte plaat met bloempatroon waardoorheen (en door de wand, met een splitpen vastgezet) twee knoppen waarin een C-vormige zilveren handgreep is bevestigd. De zilveren scharnierplaten aan binnen en buitenkant lopen naar het uiteinde smal toe en en eindigen in een ornament van drie bloemen en twee bladertakken. Binnenwerk: een afgescheiden houten compartiment";Rijksdienst voor het Cultureel Erfgoed;AMERSFOORT;ebbenhout;zilver;toegepaste kunst;sirihkistje;AB24358;onbekend;Batavia;ZANDVOORT;beslagen
22909;doos;;;;Zilveren, met goud verguldsel gedecoreerd ovalen dekseldoosje. Deksel heeft een platte boven- en onderkant. De halfronde zijkanten bestaan uit bolle en holle segmenten. De bovenkant van het deksel is versierd met een doorlopend, opengewerkt patroon van bladeren en bloemranken. De bolle delen van doos en deksel zijn versierd met een rechthoek waarin een opengewerkt patroon van bloem- en bladranken.;Rijksdienst voor het Cultureel Erfgoed;AMERSFOORT;zilver;goud;toegepaste kunst;dekseldoos;AB24369;onbekend;Indonesië;ZANDVOORT;verguld
22915;doos;;;;Zilveren met goud gedecoreerd piringdoosje, waaraan gouden kettinkje. De ruitvormige zilveren doos heeft aan de bovenkant een rond schroefdeksel en aan de onderkant eenzelfde ronde versiering. Om één punt van de doos is een gouden gedecoreerd vierkanten plaatje bevestigd waaraan aan een gouden pennetje een halfrond versierd gouden deel waaraan een gouden oog met 5 kettinkjes, aan het uiteinde met elkaar verbonden  door een gouden ring. Het zilveren doosje is versierd met opgelegde zilveren koorddraadjes. Op deksel, onderkant en op de zijkanten een rond medaillon waarin een bloemvormige gouden filigrain versiering vastgezet met splitpen. Op de hoeken een ruitvormige gouden plaatje versierd met gouden koordjes en nopjes.;Rijksdienst voor het Cultureel Erfgoed;AMERSFOORT;zilver;goud;toegepaste kunst;doos;AB24374;onbekend;Batavia;ZANDVOORT;
22918;pot;;;;De vaasvormige zilveren kwispedoor op holle gewelfde voet, heeft een hoge, wijd uitlopende hals die d.m.v. profiellijsten is verbonden met de buik. De dikke rand is accoladevormig geschulpt en heeft een gegoten opgesoldeerde lijst. Op de buik een gestileerde guirlande. Op voet en buik banden met arceringen. De voet is gesoldeerd aan de vaas.;Rijksdienst voor het Cultureel Erfgoed;AMERSFOORT;zilver;;toegepaste kunst;kwispedoor;AB24377;onbekend;Batavia;ZANDVOORT;
25278;wapen;vuurwapen;;;Loop van kanon, van brons;Rijksdienst voor het Cultureel Erfgoed;AMERSFOORT;brons;;toegepaste kunst;kanon;AB33;onbekend;Indonesië;Djakarta;
25391;wapen;vuurwapen;;;Loop van kanon, van brons;Rijksdienst voor het Cultureel Erfgoed;AMERSFOORT;brons;;toegepaste kunst;kanon;AB34;onbekend;Indonesië;Djakarta;
25502;wapen;vuurwapen;;;Loop van kanon, van brons;Rijksdienst voor het Cultureel Erfgoed;AMERSFOORT;brons;;toegepaste kunst;kanon;AB35;onbekend;Indonesië;Djakarta;
29391;interieur;;;;Een mand gemaakt van kruidnagels. Decoratief object. Veelal gemaakt voor toeristen als souvenir / aandenken. Ook vaak getoond op jaarmarkten en wereldtentoonstellingen.;Rijksdienst voor het Cultureel Erfgoed;AMERSFOORT;kruidnagelen;pitriet;toegepaste kunst;mand;AB624;onbekend;Molukken;VLAARDINGEN;gevlochten
36651;Oosters tapijt;tapijt;textiel;;Karatchoph-tapijt, van wol, uitgevoerd in Ghiordes-knoop, 3 medaillons op rood fond.;Rijksdienst voor het Cultureel Erfgoed;AMERSFOORT;wol (textiel);;toegepaste kunst;Karatchoph-tapijt;B3105;onbekend;Kaukasus[SU];DOORN;geknoopt
36652;Oosters tapijt;tapijt;;;Meshkin-tapijt, van wol, uitgevoerd in Ghiordesknoop, oneindig rapport van zeshoeken op bruin fond.;Rijksdienst voor het Cultureel Erfgoed;AMERSFOORT;wol (textiel);;toegepaste kunst;Meshkin-tapijt;B3106;onbekend;Kaukasus[SU];DOORN;geknoopt
36653;Oosters tapijt;textiel;tapijt;;Shiraz-tapijt, van wol, 3 ruiten op donkerblauw fond;Rijksdienst voor het Cultureel Erfgoed;AMERSFOORT;wol (textiel);;toegepaste kunst;Shiraz-tapijt;B3107;onbekend;Shiraz[IR];DOORN;geknoopt
36657;Oosters tapijt;tapijt;;;Bergama-tapijt, van wol, uitgevoerd in de Ghiordesknoop, blauwe en groene veelhoek op bruin fond;Rijksdienst voor het Cultureel Erfgoed;AMERSFOORT;wol (textiel);;toegepaste kunst;Bergama-tapijt;B3110;onbekend;Anatolië[TR];DOORN;geknoopt
36660;Oosters tapijt;tapijt;textiel;;Amritsar-tapijt, van wol en katoen,uitgevoerd in Sennehknoop oneindig rapport van cypressen-motief op bordeauxrood fond.;Rijksdienst voor het Cultureel Erfgoed;AMERSFOORT;wol (textiel);katoen;toegepaste kunst;Amritsar-tapijt;B3113;onbekend;Amritsar[IN];DOORN;geknoopt
36663;Oosters tapijt;tapijt;textiel;;Tabriz-tapijt, van wol en katoen, uitgevoerd in Sennehknoop, eenvoudig bothe-motief op rood-bruin fond.;Rijksdienst voor het Cultureel Erfgoed;AMERSFOORT;wol (textiel);katoen;toegepaste kunst;Tabriz-tapijt;B3116;onbekend;Iran-Noordwest;DOORN;geknoopt
36664;Oosters tapijt;textiel;tapijt;;Sejshour-tapijt, van wol en katoen, Ghiordesknoop, oneindig rapport op donkerblauw fond.;Rijksdienst voor het Cultureel Erfgoed;AMERSFOORT;wol (textiel);katoen;toegepaste kunst;Sejshour-tapijt;B3117;onbekend;Kaukasus[SU];DOORN;geknoopt
36665;Oosters tapijt;tapijt;textiel;;Feraghan-tapijt, van wol en katoen, Ghiordesknoop, oneindig rapport van schuine banen met bloemmotief;Rijksdienst voor het Cultureel Erfgoed;AMERSFOORT;wol (textiel);katoen;toegepaste kunst;Feraghan-tapijt;B3118;onbekend;Perzië;DOORN;geknoopt
36668;Oosters tapijt;tapijt;textiel;;Tschelaberd-tapijt, van wol, Ghiordesknoop, zonneband-motief op steenrood fond.;Rijksdienst voor het Cultureel Erfgoed;AMERSFOORT;wol (textiel);;toegepaste kunst;Tschelaberd-tapijt;B3120;onbekend;Kaukasus[SU];DOORN;geknoopt
36669;Oosters tapijt;textiel;tapijt;;Rabat-tapijt, van wol, Ghiordesknoop, centraal zeshoekig medaillon op lichtblauw fond.;Rijksdienst voor het Cultureel Erfgoed;AMERSFOORT;wol (textiel);;toegepaste kunst;Rabat-tapijt;B3122;onbekend;Marokko;DOORN;geknoopt
36670;Oosters tapijt;tapijt;;;Kuba-tapijt, van wol en katoen, Ghiordesknoop, donkerblauw fond met Avshan-tekening?;Rijksdienst voor het Cultureel Erfgoed;AMERSFOORT;wol (textiel);katoen;toegepaste kunst;Kuba-tapijt;B3123;onbekend;Kaukasus[SU];DOORN;geknoopt
36672;Oosters tapijt;textiel;tapijt;;Kuba-tapijt, van wol, geknoopt in Ghiordes-knoop.;Rijksdienst voor het Cultureel Erfgoed;AMERSFOORT;wol (textiel);;toegepaste kunst;Kuba-tapijt;B3125;onbekend;Mossoul[IR];DOORN;geknoopt
36675;Oosters tapijt;tapijt;textiel;;Tekke-tapijt, van wol, Sennehknoop, gülls in oneindig rapport op rood fond.;Rijksdienst voor het Cultureel Erfgoed;AMERSFOORT;wol (textiel);;toegepaste kunst;Tekke-tapijt;B3128;onbekend;Turkestan[SU];DOORN;geknoopt
36676;Oosters tapijt;textiel;tapijt;;Sarab-tapijt, van katoen, wol en kameelhaar, Ghiordesknoop, zeshoeken met haken op kameelkleurig fond. (loper?);Rijksdienst voor het Cultureel Erfgoed;AMERSFOORT;katoen;wol (textiel);toegepaste kunst;Sarab-tapijt;B3129;onbekend;Iran-Noordwest;DOORN;geknoopt
36681;Oosters tapijt;tapijt;textiel;;Hamadan-tapijt, van katoen en wol, Ghiordesknoop, ruitmotief in oneindig rapport op donkerblauw fond.;Rijksdienst voor het Cultureel Erfgoed;AMERSFOORT;katoen;wol (textiel);toegepaste kunst;Hamadan-tapijt;B3134;onbekend;Iran-Noordwest;DOORN;geknoopt
36682;Oosters tapijt;tapijt;;;Tabriz-tapijt, van wol en katoen;Rijksdienst voor het Cultureel Erfgoed;AMERSFOORT;katoen;wol (textiel);toegepaste kunst;Tabriz-tapijt;B3135;onbekend;Iran-Noordwest;DOORN;geknoopt
36683;Oosters tapijt;tapijt;;;Sivas-tapijt, van wol en katoen, met Senneh-knoop, Herati- motieven in oneindig rapport op donkerblauw fond;Rijksdienst voor het Cultureel Erfgoed;AMERSFOORT;katoen;wol (textiel);toegepaste kunst;Sivas-tapijt;B3136;onbekend;Sivas[TR];DOORN;geknoopt
36689;Oosters tapijt;tapijt;textiel;;Amritsar-tapijt, van wol. Rood fond met herhalende decoratie.;Rijksdienst voor het Cultureel Erfgoed;AMERSFOORT;wol (textiel);;toegepaste kunst;Amritsar-tapijt;B3141;onbekend;Amritsar[IN];DOORN;geknoopt
36736;Oosters tapijt;tapijt;textiel;;Heriz-tapijt, van wol en katoen.;Rijksdienst voor het Cultureel Erfgoed;AMERSFOORT;katoen;wol (textiel);toegepaste kunst;Heriz-tapijt;B3184;onbekend;Perzië-West;DOORN;geknoopt
57930;miscellanea;planten;;;"Houten sigarenkistje (DLA) waarin een verzameling van in de natuur gevonden objecten (DLB): 1 rijstaar, 1 gemberwortel, 2 zadendozen van een katoen plant, 4 takjes van een doornhaag, 3 platte onbekende pitten waarvan er een is doorgesneden, 1 doosje met ""vruchtjes van den zeepboom (Noord afrika)"" en 1 doosje met ""hars cut vurenhout"".";Rijksdienst voor het Cultureel Erfgoed;AMERSFOORT;hout;papier;toegepaste kunst;naturalia;E1351;onbekend;;Rotterdam;assemblage
58275;gewicht;;;;4 Goudgewichtjes, van 50, 100, 200 en 500 in een rond kartonnen doosje.;Rijksdienst voor het Cultureel Erfgoed;AMERSFOORT;goud;;toegepaste kunst;gewicht;E1584-A-D;onbekend;;Rotterdam;
87601;keramiek;;;;(Romeinse) urn van terracotta in lichtgrijze kleur, canopische vorm zonder voet en uitgebogen hals. Oppervlak zacht gerimpeld.;Rijksdienst voor het Cultureel Erfgoed;AMERSFOORT;terracotta;;toegepaste kunst;urn;LM00244;onbekend;Marokko;DELFT;
88382;textiel;;;;Perzisch kleed, bladrand op lichte grond. Grond van het middenveld donkerblauw, waarop rijk gestileerde ornamenten en rozetten op drie aslijnen.;Rijksdienst voor het Cultureel Erfgoed;AMERSFOORT;wol (textiel);;toegepaste kunst;tapijt;LM02804;onbekend;;DELFT;
88388;Oosters tapijt;textiel;;;Kaukasisch kleed met drievoudige rand. Middelste rand versierd met zigzagvormen, de buitenste met diagonalen. Middenveld bestaat uit vijf achthoeken, omsloten door een rand en strooibloemen. Zeventiende eeuws patroon.;Rijksdienst voor het Cultureel Erfgoed;AMERSFOORT;wol (textiel);textiel;toegepaste kunst;tapijt;LM02810;onbekend;TURKIJE;DELFT;geknoopt
88397;Oosters tapijt;textiel;;;Tapijt met ingewerkte rand met 27 achthoeken en stervormen in afwisselende kleuren. In het midden 12 medaillons, diagonaalsgewijs in kleinere velden onderverdeeld in afwisselende kleuren. De kleuren zijn carmijnrood, vermiljoen, donker- en lichtblauw, blauwgroen en grijsbruin.;Rijksdienst voor het Cultureel Erfgoed;AMERSFOORT;wol (textiel);;toegepaste kunst;Bokhara-tapijt;LM02819;onbekend;Bokhara[SU];DELFT;geknoopt
88416;Oosters tapijt;textiel;tapijt;;Oosters tapijt met grote en halve achthoeken.;Rijksdienst voor het Cultureel Erfgoed;AMERSFOORT;wol (textiel);;toegepaste kunst;tapijt;LM02840;onbekend;;DELFT;geknoopt
88420;Oosters tapijt;textiel;;;Kaukasisch tapijt versierd met geometrische motieven in rood, donkerblauw, lichtblauw, goudgeel, donkerbruin en cremewit. Op de rand pijlvormige ornamenten.;Rijksdienst voor het Cultureel Erfgoed;AMERSFOORT;wol (textiel);;toegepaste kunst;tapijt;LM02844;onbekend;;DELFT;geknoopt
93583;Oosters tapijt;textiel;;;Kashan-tapijt, van wol, geknoopt.;Rijksdienst voor het Cultureel Erfgoed;AMERSFOORT;wol (textiel);katoen;toegepaste kunst;Kashan-tapijt;O7;onbekend;Iran;Den Haag;
98665;Oosters tapijt;textiel;tapijt;;Oosters tapijt. Rand met vijf banden waarvan de middelste het breedst en met in rood fond uitgespaarde bloemmotieven en krullende bladranken. Middenvlak met beige fond en uitgespaarde krullende bladranken.;Rijksdienst voor het Cultureel Erfgoed;AMERSFOORT;wol (textiel);;toegepaste kunst;Oosters tapijt;R13529;onbekend;;Den Haag;
99347;kleed;textiel;;;Grof geknoopt tapijt, wollen knoop, katoenen ketting en inslag, knoop in gebroken wit en bruin, motief afgeleid van oosterse tapijten.;Rijksdienst voor het Cultureel Erfgoed;AMERSFOORT;wol (textiel);katoen;toegepaste kunst;tapijt;R14036;onbekend;;;geknoopt
100466;Oosters tapijt;tapijt;;;Koerdistan-tapijt, loper, van wol,donkerblauw fond,met grote bloemen, in met name groen en rood;Rijksdienst voor het Cultureel Erfgoed;AMERSFOORT;wol (textiel);;toegepaste kunst;loper;R174-78;onbekend;Midden-Oosten;DOETINCHEM;geknoopt
101082;sculptuur;beeldhouwkunst;;;Een smalle houten staf met decoraties er in gekerfd, met aan de bovenzijde een breder stukje waar op een figuur zit.;Rijksdienst voor het Cultureel Erfgoed;AMERSFOORT;hout;;ethnografica;staf;R2244;onbekend;Zuidoost-Molukken;VEERE;
102854;zwaard;schede;blank wapen;wapen;Zwaard (A), van ijzer, met koperen gevest;Rijksdienst voor het Cultureel Erfgoed;AMERSFOORT;metaal;;toegepaste kunst;zwaard;R3516-A;onbekend;Sumatra;Djakarta;
102856;zwaard;schede;blank wapen;wapen;(B) Schede van hout met ijzeren banden, bij zwaard (A);Rijksdienst voor het Cultureel Erfgoed;AMERSFOORT;hout;;toegepaste kunst;zwaardschede;R3516-B;onbekend;Sumatra;Djakarta;
102857;zwaard;schede;blank wapen;wapen;(A) Zwaard van ijzer, met ijzeren gevest;Rijksdienst voor het Cultureel Erfgoed;AMERSFOORT;metaal;;toegepaste kunst;zwaard;R3517-A;onbekend;Sumatra;Djakarta;
102859;zwaard;schede;blank wapen;wapen;(B) Schede van hout met ijzeren banden, bij zwaard (A);Rijksdienst voor het Cultureel Erfgoed;AMERSFOORT;hout;;toegepaste kunst;zwaardschede;R3517-B;onbekend;Sumatra;Djakarta;
102860;zwaard;schede;blank wapen;wapen;(A) Zwaard van ijzer, met koperen gevest;Rijksdienst voor het Cultureel Erfgoed;AMERSFOORT;metaal;;toegepaste kunst;zwaard;R3518-A;onbekend;Sumatra;Djakarta;
102862;zwaard;schede;blank wapen;wapen;(B) Schede van hout, met ijzeren banden bij zwaard (A);Rijksdienst voor het Cultureel Erfgoed;AMERSFOORT;hout;;toegepaste kunst;zwaardschede;R3518-B;onbekend;Sumatra;Djakarta;
102863;zwaard;schede;blank wapen;wapen;(A) Zwaard van ijzer, met ijzeren gevest;Rijksdienst voor het Cultureel Erfgoed;AMERSFOORT;metaal;;toegepaste kunst;zwaard;R3519-A;onbekend;Sumatra;Djakarta;
102865;zwaard;schede;blank wapen;wapen;(B) Schede van hout, met ijzeren banden bij zwaard (A);Rijksdienst voor het Cultureel Erfgoed;AMERSFOORT;hout;;toegepaste kunst;zwaardschede;R3519-B;onbekend;Sumatra;Djakarta;
103157;Oosters tapijt;tapijt;;;Oosters tapijt, van wol, geknoopt;Rijksdienst voor het Cultureel Erfgoed;AMERSFOORT;wol (textiel);;toegepaste kunst;Oosters tapijt;R3796;onbekend;;Hoenderloo;geknoopt
103710;lijst;schilderijlijst;;;Rijk besneden schilderijlijst op ezel van teakhout en palissanderhout;Rijksdienst voor het Cultureel Erfgoed;AMERSFOORT;palissanderhout;teakhout;toegepaste kunst;ezel;R3953-B;onbekend;Indonesië;;gesneden
103713;lijst;schilderijlijst;;;Rijk besneden schilderijlijst op ezel van teakhout en palissanderhout;Rijksdienst voor het Cultureel Erfgoed;AMERSFOORT;teakhout;palissanderhout;toegepaste kunst;ezel;R3954-B;onbekend;Indonesië;;
103716;lijst;schilderijlijst;;;Rijk besneden schilderijlijst op ezel van teakhout;Rijksdienst voor het Cultureel Erfgoed;AMERSFOORT;teakhout;;toegepaste kunst;ezel;R3955-B;onbekend;Indonesië;;
103728;miscellanea;siervoorwerp;;;Olifantstand met aan het uiteinde een zilveren dop met tekst. Geschenk van 'Negara Soematera Selatan' (provincie Zuid-Sumatra) voor H.M. Juliana bij haar troonsbestijging in 1948.;Rijksdienst voor het Cultureel Erfgoed;AMERSFOORT;zilver;ivoor;toegepaste kunst;olifantstand;R3966-A;onbekend;Indonesië;Den Haag;
103730;miscellanea;siervoorwerp;;;Olifantstand met aan het uiteinde een zilveren dop met tekst. Geschenk van 'Negara Soematera Selatan' (provincie Zuid-Sumatra) voor H.M. Juliana bij haar troonsbestijging in 1948.;Rijksdienst voor het Cultureel Erfgoed;AMERSFOORT;ivoor;zilver;toegepaste kunst;olifantstand;R3966-B;onbekend;Indonesië;Den Haag;
103731;ivoor;miscellanea;;;Olifantstand, versierd met goudplaat, in houder op voetstuk van verguld hout, liggend;Rijksdienst voor het Cultureel Erfgoed;AMERSFOORT;ivoor;hout;toegepaste kunst;olifantstand;R3967;onbekend;Indonesië;Den Haag;verguld
103732;miscellanea;siervoorwerp;;;Olifantstand, rechtopstaand in bronzen houder op voetstuk van palissander- en teakhout.;Rijksdienst voor het Cultureel Erfgoed;AMERSFOORT;ivoor;brons;toegepaste kunst;olifantstand;R3968-A;onbekend;Indonesië;Den Haag;
103734;miscellanea;siervoorwerp;;;Olifantstand, rechtopstaand in bronzen houder op voetstuk van palissander- en teakhout;Rijksdienst voor het Cultureel Erfgoed;AMERSFOORT;ivoor;brons;toegepaste kunst;olifantstand;R3968-B;onbekend;Indonesië;Den Haag;
106446;Oosters tapijt;tapijt;textiel;;Heriz-tapijt, schering en inslag van katoen, pool van wol, geknoopt in Ghiordes-knoop.;Rijksdienst voor het Cultureel Erfgoed;AMERSFOORT;katoen;wol (textiel);toegepaste kunst;Heriz-tapijt;R5572;onbekend;Heriz[IR];;geknoopt
106447;Oosters tapijt;tapijt;textiel;;Feraghan-tapijt, schering en inslag van katoen, pool van wol, geknoopt in Senneh-knoop.;Rijksdienst voor het Cultureel Erfgoed;AMERSFOORT;katoen;wol (textiel);toegepaste kunst;Feraghan-tapijt;R5573;onbekend;Feraghan[IR];;geknoopt
106711;Oosters tapijt;tapijt;;;Ersari-tapijt, van wol, geknoopt in Senneh-knoop.;Rijksdienst voor het Cultureel Erfgoed;AMERSFOORT;wol (textiel);;toegepaste kunst;Ersari-tapijt;R5724;onbekend;Afghanistan;;geknoopt
106712;Oosters tapijt;tapijt;textiel;;Beloetsjistan-tapijt, van wol, geknoopt in Senneh-knoop.;Rijksdienst voor het Cultureel Erfgoed;AMERSFOORT;wol (textiel);;toegepaste kunst;Beloetsjistan-tapijt;R5725;onbekend;Beloetsjistan[PK];;geknoopt
106731;Oosters tapijt;tapijt;;;Heriz-tapijt, schering en inslag van katoen, pool van wol, geknoopt in Ghiordes-knoop.;Rijksdienst voor het Cultureel Erfgoed;AMERSFOORT;katoen;wol;toegepaste kunst;Heriz-tapijt;R5738;onbekend;Heriz[IR];;geknoopt
106910;Oosters tapijt;tapijt;textiel;;Feraghan-tapijt, van wol. In het midden herhalend patroon van bloemen en bladeren. 7 randen met Herati-patroon.;Rijksdienst voor het Cultureel Erfgoed;AMERSFOORT;wol (textiel);katoen;toegepaste kunst;Feraghan-tapijt;R5833;onbekend;Feraghan[IR];;geknoopt
106944;Oosters tapijt;tapijt;;;Feraghan-tapijt(?), van wol;Rijksdienst voor het Cultureel Erfgoed;AMERSFOORT;wol (textiel);;toegepaste kunst;Feraghan-tapijt;R5850;onbekend;Feraghan[IR];DEN BOSCH;geknoopt
130529;Oosters tapijt;tapijt;textiel;;Heriz tapijt.;Rijksdienst voor het Cultureel Erfgoed;AMERSFOORT;wol (textiel);katoen;toegepaste kunst;Heriz-tapijt;V16;onbekend;;;
131476;Oosters tapijt;tapijt;;;Oosters tapijt, van wol;Rijksdienst voor het Cultureel Erfgoed;AMERSFOORT;wol (textiel);;toegepaste kunst;Afghaan-tapijt;W135;onbekend;Perzië;Amsterdam;geweven
131487;Oosters tapijt;tapijt;;;Oosters tapijt, van wol;Rijksdienst voor het Cultureel Erfgoed;AMERSFOORT;wol (textiel);;toegepaste kunst;Yomud-tapijt;W136;onbekend;Perzië;Amsterdam;geknoopt
131498;Oosters tapijt;tapijt;;;Afghaan-tapijt, van wol, geknoopt;Rijksdienst voor het Cultureel Erfgoed;AMERSFOORT;wol (textiel);;toegepaste kunst;Afghaan-tapijt;W137;onbekend;Afghanistan? Turkestan[SU]?;Amsterdam;geweven
131555;Oosters tapijt;tapijt;;;Yomud-tapijt, van wol, geknoopt;Rijksdienst voor het Cultureel Erfgoed;AMERSFOORT;wol (textiel);;toegepaste kunst;Yomud-tapijt;W142;onbekend;;Amsterdam;geknoopt
131566;Oosters tapijt;tapijt;;;Kazak-tapijt, van wol, geknoopt;Rijksdienst voor het Cultureel Erfgoed;AMERSFOORT;wol (textiel);;toegepaste kunst;Kazak-tapijt;W143;onbekend;Kaukasus[SU];Amsterdam;geknoopt
132400;textiel;gereedschap;;;Koperen waspen gebruikt voor het batikken, een zogenaamde tjanting (canting).;Rijksdienst voor het Cultureel Erfgoed;AMERSFOORT;koper;;ethnografica;gereedschap;W2042;onbekend;Java;Amsterdam;
132418;Oosters tapijt;tapijt;;;Oosters tapijt, van wol;Rijksdienst voor het Cultureel Erfgoed;AMERSFOORT;wol (textiel);;toegepaste kunst;Oosters tapijt;W2059;onbekend;Perzië;Amsterdam;geknoopt
132425;Oosters tapijt;tapijt;;;Oosters tapijt met geometrische motieven, fragment van loper.;Rijksdienst voor het Cultureel Erfgoed;AMERSFOORT;wol (textiel);;toegepaste kunst;loper;W2065;onbekend;;Amsterdam;geknoopt
132427;Oosters tapijt;tapijt;;;Kelim-tapijt, van wol, met geometrische motieven, dubbelgevouwen op divan.;Rijksdienst voor het Cultureel Erfgoed;AMERSFOORT;wol (textiel);;toegepaste kunst;Kelim-tapijt;W2067;onbekend;;Amsterdam;geweven
132436;Oosters tapijt;tapijt;;;Tekke-tapijt, van wol.;Rijksdienst voor het Cultureel Erfgoed;AMERSFOORT;wol (textiel);;toegepaste kunst;Tekke-tapijt;W2075;onbekend;;Amsterdam;geknoopt
132979;beker;;;;Houten concave beker besneden met geometrische patronen, met metalen nagel in de buitenwand. Afkomstig van de Kuba uit de Democratische Republiek Congo.;Rijksdienst voor het Cultureel Erfgoed;AMERSFOORT;hardhout;metaal;ethnografica;beker;W55;onbekend;CONGO DRC;Amsterdam;
133012;sport en spel;;;;"Doos waarin vier doosjes met 48 fiches van parelmoer; hiervan zestien langwerpig ovaal, zestien rond ovaal en zestien rond. Vermoedelijk een bridge spel.";Rijksdienst voor het Cultureel Erfgoed;AMERSFOORT;palissanderhout;parelmoer;toegepaste kunst;doos;W58;onbekend;Indonesië;Amsterdam;
133023;ornament;;;;Houtsnijwerk in de vorm van een dier, vermoedelijk een mythische slang (naga) voorstellend.;Rijksdienst voor het Cultureel Erfgoed;AMERSFOORT;HOORN;ivoor;toegepaste kunst;dierplastiek;W59;onbekend;Java;Amsterdam;
134578;textiel;Oosters tapijt;;;Soumac. Rood fond gevuld met grote en kleinere geometrische vakken. In het midden drie grote ruimten met donkerblauwe rand en in midden een zeshoek.;Rijksdienst voor het Cultureel Erfgoed;AMERSFOORT;textiel;;toegepaste kunst;tapijt;XN1445;onbekend;;;
135456;beeldhouwkunst;;;;Metalen (brons) figuurtje met een aantal geïnciseerde cirkels rond de nek en de heupen.;Rijksdienst voor het Cultureel Erfgoed;AMERSFOORT;metaal;;ethnografica;sculptuur;XN2456;onbekend;onbekend;;
135535;attribuut;;;;Schrijfcassette van zwarte Chinese lak met parelmoer inleg. Op de deksel staat een voorstelling met twee fazanten en bloemen. Langs de zijranden is een bloemenpatroon aangebracht. Ook op de plankjes zijn bloementakken te zien.;Rijksdienst voor het Cultureel Erfgoed;AMERSFOORT;hout;lak;toegepaste kunst;schrijfcassette;XN2531;onbekend;;;
136434;Oosters tapijt;tapijt;textiel;;Oosters tapijt, van wol, geknoopt. Rood fond, geheel gevuld met kleine rode en zwarte bloemen, vele randen met bloemen (bijzonder).;Rijksdienst voor het Cultureel Erfgoed;AMERSFOORT;wol (textiel);katoen;toegepaste kunst;Oosters tapijt;XN723;onbekend;;;geknoopt
136435;Oosters tapijt;tapijt;textiel;;Heriz tapijt, van wol, met rood fond.;Rijksdienst voor het Cultureel Erfgoed;AMERSFOORT;wol (textiel);katoen;toegepaste kunst;Heriz-tapijt;XN724;onbekend;;;geknoopt
136438;Oosters tapijt;tapijt;;;Oosters tapijt, van wol, hoofdkleuren rood en blauw.;Rijksdienst voor het Cultureel Erfgoed;AMERSFOORT;wol (textiel);;toegepaste kunst;Oosters tapijt;XN727;onbekend;;;
136439;Oosters tapijt;tapijt;textiel;;Oosters tapijt, van wol, geknoopt, in blauw, rood en beige.;Rijksdienst voor het Cultureel Erfgoed;AMERSFOORT;wol (textiel);katoen;toegepaste kunst;Oosters tapijt;XN728;onbekend;;;geknoopt
137469;;;;;Nederlandse vlag van het Garnizoen van Manokwari, 1942-1945. De vlag bestaat uit drie banen, een rode en blauwe wollen baan, en een witte katoenen baan. Aan de linkerzijde de broek voor de stok. De witte baan is beschreven met namen, waarschijnlijk in houtskool.;Rijksdienst voor het Cultureel Erfgoed;AMERSFOORT;wol (textiel);katoen;toegepaste kunst;vlag;AB25710;onbekend;Manokwari[ID];Den Haag;
137470;miscellanea;genotsmiddelen;kralen;;Sirihmand van kralen, 'Djakarta Fair'.;Rijksdienst voor het Cultureel Erfgoed;AMERSFOORT;kralen;;toegepaste kunst;mand;AB25711-A;onbekend;Indonesië;Den Haag;
137471;muziekinstrument;;;;Kartonnen doos met vijf houten fluiten en één snaarinstrument.;Rijksdienst voor het Cultureel Erfgoed;AMERSFOORT;karton;hout;toegepaste kunst;doos;AB25711-B;onbekend;Indonesië;Den Haag;
137472;miscellanea;;;;Nidek van Jari Bataks-hoofdenhuis, Simalungun, Noord-Sumatra;Rijksdienst voor het Cultureel Erfgoed;AMERSFOORT;;;toegepaste kunst;;AB25711-C;onbekend;Sumatra;Den Haag;
137473;miscellanea;miniatuur;;;Model van dorpshuis, in vitrine.;Rijksdienst voor het Cultureel Erfgoed;AMERSFOORT;;;toegepaste kunst;miniatuur;AB25711-D;onbekend;Sumatra;Den Haag;
137474;miscellanea;miniatuur;;;Zilveren filigraan scheepsmodel, Indonesië.;Rijksdienst voor het Cultureel Erfgoed;AMERSFOORT;zilver;;toegepaste kunst;miniatuur;AB25711-E;onbekend;Indonesië;Den Haag;
137475;miscellanea;miniatuur;siervoorwerp;;Scheepsmodel van kruidnagels in vitrine 'Djakarta Fair, Maluku'. Decoratief object, veelal gemaakt als souvernir / aandenken.;Rijksdienst voor het Cultureel Erfgoed;AMERSFOORT;kruidnagelen;;toegepaste kunst;miniatuur;AB25711-F;onbekend;Molukken;Den Haag;
137476;miscellanea;kralen;tas;;Tasje van kralen, mevrouw E. Tambunan.;Rijksdienst voor het Cultureel Erfgoed;AMERSFOORT;kralen;;toegepaste kunst;tas;AB25711-G;onbekend;Sumatra;Den Haag;
137477;miscellanea;tas;kralen;;Tas van kralen, met kwastjes, 'Djakarta Fair'.;Rijksdienst voor het Cultureel Erfgoed;AMERSFOORT;kralen;;toegepaste kunst;tas;AB25711-H;onbekend;Indonesië;Den Haag;
137478;miscellanea;mand;genotsmiddelen;;Sirihmand met hengsel en kralen.;Rijksdienst voor het Cultureel Erfgoed;AMERSFOORT;kralen;;toegepaste kunst;mand;AB25711-I;onbekend;Indonesië;Den Haag;
137479;miscellanea;mand;genotsmiddelen;;Sirihmand met hengsel van kralen.;Rijksdienst voor het Cultureel Erfgoed;AMERSFOORT;kralen;;toegepaste kunst;mand;AB25711-J;onbekend;Indonesië;Den Haag;
137480;miscellanea;tas;kralen;;Kralen tas met kwastjes;Rijksdienst voor het Cultureel Erfgoed;AMERSFOORT;kralen;;toegepaste kunst;tas;AB25711-K;onbekend;Indonesië;Den Haag;
137481;miscellanea;tas;kralen;;Tas van rode, witte en zwarte kralen.;Rijksdienst voor het Cultureel Erfgoed;AMERSFOORT;kralen;;toegepaste kunst;tas;AB25711-L;onbekend;Indonesië;Den Haag;
137482;miscellanea;tas;kralen;;Tas van kralen met kwastjes;Rijksdienst voor het Cultureel Erfgoed;AMERSFOORT;kralen;;toegepaste kunst;tas;AB25711-M;onbekend;Indonesië;Den Haag;
137483;miscellanea;miniatuur;;;Rijstverbouwer, een mannelijke figuur loopt achter een karbouw die hij aan de teugels leidt. Zilver filigraan, in vitrine.;Rijksdienst voor het Cultureel Erfgoed;AMERSFOORT;zilver;;toegepaste kunst;miniatuur;AB25711-N;onbekend;Indonesië;Den Haag;filigrain
137484;miscellanea;genotsmiddelen;mand;;Sirihmand van gekleurde kralen, drie koperen doosjes (aan een ketting) en drie koperen potjes aan ketting.;Rijksdienst voor het Cultureel Erfgoed;AMERSFOORT;kralen;koper;toegepaste kunst;mand;AB25711-O;onbekend;Indonesië;Den Haag;
137485;miscellanea;genotsmiddelen;mand;;Sirihmand van kralen;Rijksdienst voor het Cultureel Erfgoed;AMERSFOORT;kralen;;toegepaste kunst;mand;AB25711-P;onbekend;Indonesië;Den Haag;
137486;miscellanea;tas;kralen;;Tas van gekleurde kralen met kwastjes;Rijksdienst voor het Cultureel Erfgoed;AMERSFOORT;kralen;;toegepaste kunst;tas;AB25711-Q;onbekend;Indonesië;Den Haag;
137487;miscellanea;tas;kralen;;Tas van gekleurde kralen met kwastjes;Rijksdienst voor het Cultureel Erfgoed;AMERSFOORT;kralen;;toegepaste kunst;tas;AB25711-R;onbekend;Indonesië;Den Haag;
137488;miscellanea;hoofddeksel;;;Platte hoed met versieringen van kralen en pailletten.;Rijksdienst voor het Cultureel Erfgoed;AMERSFOORT;kralen;;toegepaste kunst;hoed;AB25711-S;onbekend;Indonesië;Den Haag;
137489;miscellanea;schild;;;Schild van riet, fluweel en zilveren decoratie. Schild van de Gouverneur van Bali.;Rijksdienst voor het Cultureel Erfgoed;AMERSFOORT;riet;fluweel;toegepaste kunst;wapenrusting;AB25711-T;onbekend;Bali;Den Haag;
137490;miscellanea;schild;;;Schild van riet, fluweel en zilveren decoratie. Schild van de Gouverneur van Bali.;Rijksdienst voor het Cultureel Erfgoed;AMERSFOORT;riet;fluweel;toegepaste kunst;wapenrusting;AB25711-U;onbekend;Bali;Den Haag;
137493;miscellanea;stilleven;;;Vitrine met zeestilleven, 12 juli 1979;Rijksdienst voor het Cultureel Erfgoed;AMERSFOORT;;;toegepaste kunst;vitrine;AB25711-V;onbekend;Indonesië;Den Haag;
137494;miscellanea;miniatuur;siervoorwerp;;Scheepsmodel van kruidnagels. Decoratief object, veelal gemaakt als souvernir / aandenken.;Rijksdienst voor het Cultureel Erfgoed;AMERSFOORT;kruidnagelen;;toegepaste kunst;miniatuur;AB25711-W;onbekend;Indonesië;Den Haag;
137495;miscellanea;masker;siervoorwerp;;Vier fel beschilderde gipsen maskertjes.;Rijksdienst voor het Cultureel Erfgoed;AMERSFOORT;gips;;toegepaste kunst;masker;AB25711-X;onbekend;Indonesië;Den Haag;beschilderd
137498;sculptuur;religie;heilige;mythologie;Houten beeld van de god Vishnu op zijn rijdier Garuda.;Rijksdienst voor het Cultureel Erfgoed;AMERSFOORT;hout;;toegepaste kunst;beeldhouwwerk;AB25711-AA;onbekend;Bali;Den Haag;
137499;sculptuur;religie;heilige;mythologie;Houten beeld van de god Vishnu op zijn rijdier Garuda.;Rijksdienst voor het Cultureel Erfgoed;AMERSFOORT;palissanderhout;;toegepaste kunst;beeldhouwwerk;AB25711-AB;onbekend;Indonesië;Den Haag;
137500;sculptuur;fauna;beeldhouwkunst;;Houten beeld van een uil met gespreide vleugels op een rots.;Rijksdienst voor het Cultureel Erfgoed;AMERSFOORT;palissanderhout;;toegepaste kunst;beeldhouwwerk;AB25711-AC;onbekend;Noord-Sulawesi;Den Haag;
137511;sculptuur;beeldhouwkunst;mannen;;Houten beeld van een visser.;Rijksdienst voor het Cultureel Erfgoed;AMERSFOORT;palissanderhout;;toegepaste kunst;beeldhouwwerk;AB25711-AD;onbekend;Indonesië;Den Haag;
137512;sculptuur;beeldhouwkunst;religie;heilige;Houten beeld van de godin Sri, die waakt over de vruchtbaarheid van de aarde.;Rijksdienst voor het Cultureel Erfgoed;AMERSFOORT;palissanderhout;;toegepaste kunst;beeldhouwwerk;AB25711-AE;onbekend;Bali;Den Haag;
137513;sculptuur;beeldhouwkunst;flora (planten);fauna;Houtsnijwerk in de vorm van een ovaal lotusblad met een afbeelding van planten en vechtende reigers.;Rijksdienst voor het Cultureel Erfgoed;AMERSFOORT;hout;;toegepaste kunst;beeldhouwwerk;AB25711-AF;onbekend;Java;Den Haag;
137514;sculptuur;beeldhouwkunst;religie;mythologie;Houten beeld van de god Vishnu op zijn rijdier Garuda, waaronder een schildpad en twee slangachtige monsters.;Rijksdienst voor het Cultureel Erfgoed;AMERSFOORT;hout;;toegepaste kunst;beeldhouwwerk;AB25711-AG;onbekend;Indonesië;Den Haag;
137515;sculptuur;beeldhouwkunst;masker;vrouwen;Beschilderd vrouwenmasker met een wit gezicht, rode lippen, zwarte ogen en zwart haar. Op het midden van haar voorhoofd een druppelvormig sieraad.;Rijksdienst voor het Cultureel Erfgoed;AMERSFOORT;;;toegepaste kunst;masker;AB25711-AH;onbekend;Bali;Den Haag;beschilderd
137516;sculptuur;masker;beeldhouwkunst;mannen;Beschilderd mannenmasker met een wit gezicht, rode lippen en een zwarte snor.;Rijksdienst voor het Cultureel Erfgoed;AMERSFOORT;;;toegepaste kunst;masker;AB25711-AI;onbekend;Bali;Den Haag;beschilderd
137517;miscellanea;muziekinstrument;;;Set muziekinstrumenten in vitrine.;Rijksdienst voor het Cultureel Erfgoed;AMERSFOORT;;;toegepaste kunst;instrument;AB25711-AJ;onbekend;Sumatra;Den Haag;
137518;miscellanea;hoofddeksel;mannen;;Hoofddeksel 'blangkon' van gebatikte stof.;Rijksdienst voor het Cultureel Erfgoed;AMERSFOORT;stof (textiel);papier;toegepaste kunst;kledingstuk;AB25711-AK;onbekend;Java;Den Haag;gebatikt
137519;beeldhouwkunst;handel;mannen;;Reliëf van een verkoper bij zijn draagbare eetstal (warung), de man is gehurkt bezig met het bereiden van voedsel.;Rijksdienst voor het Cultureel Erfgoed;AMERSFOORT;;;toegepaste kunst;reliëf;AB25711-AL;onbekend;Indonesië;Den Haag;
137520;miscellanea;miniatuur;siervoorwerp;;Zilverfiligraan model van een familiewoning van de Minangkabau;Rijksdienst voor het Cultureel Erfgoed;AMERSFOORT;zilver;;toegepaste kunst;miniatuur;AB25711-AM;onbekend;Sumatra;Den Haag;filigrain
137521;miscellanea;sport en spel;oorlog;souvenir;Spel kaarten (53 stuks), oorlogssouvenirs;Rijksdienst voor het Cultureel Erfgoed;AMERSFOORT;;;toegepaste kunst;spel;AB25711-AN;onbekend;Indonesië;Den Haag;
137522;beeldhouwkunst;oorlog;militair;souvenir;Houtsnijwerk, vermoedelijk een Japanse militair met karwats voorstellend, oorlogssouvenir;Rijksdienst voor het Cultureel Erfgoed;AMERSFOORT;;;toegepaste kunst;beeldhouwwerk;AB25711-AO;onbekend;Indonesië;Den Haag;
137523;miscellanea;oorlog;souvenir;vrouwen;Blikken deksel van een etensblik met daarin uitgeklopt de beeltenis van een jongedame, oorlogssouvenir;Rijksdienst voor het Cultureel Erfgoed;AMERSFOORT;aluminium;;toegepaste kunst;deksel;AB25711-AP;onbekend;Indonesië;Den Haag;
137524;beeldhouwkunst;mannen;vrouwen;;Houtsnijwerk voorstellende 'twee geliefden' [Tilems], design exc by mas-bali.;Rijksdienst voor het Cultureel Erfgoed;AMERSFOORT;hout;;toegepaste kunst;beeldhouwwerk;AB25711-AQ;onbekend;Bali;Den Haag;
137525;beeldhouwkunst;pop;theater;;Fineerplaat met twee wayang kulit poppen, waarvan een gedateerd 20-8-65.;Rijksdienst voor het Cultureel Erfgoed;AMERSFOORT;;;toegepaste kunst;beeldhouwwerk;AB25711-AR;onbekend;Java;Den Haag;
137526;miscellanea;oorlog;souvenir;vrouwen;Blikken deksel van een etensblik met daarin uitgeklopt de beeltenis van Koningin Wilhelmina, oorlogssouvenir;Rijksdienst voor het Cultureel Erfgoed;AMERSFOORT;aluminium;;toegepaste kunst;deksel;AB25711-AS;onbekend;Indonesië;Den Haag;
137536;interieuraccessoire;standaard;;;Rijk gesneden teakhouten boekensteun.;Rijksdienst voor het Cultureel Erfgoed;AMERSFOORT;teakhout;;toegepaste kunst;boekensteun;R3514-A;onbekend;Java;Djakarta;gesneden
137537;interieuraccessoire;standaard;;;Rijk gesneden teakhouten boekensteun.;Rijksdienst voor het Cultureel Erfgoed;AMERSFOORT;teakhout;;toegepaste kunst;boekensteun;R3514-B;onbekend;Java;Djakarta;gesneden
149569;beeldhouwkunst;;;;Houten okimono voorstellende een muis.;Rijksdienst voor het Cultureel Erfgoed;AMERSFOORT;hout;;toegepaste kunst;netsuke;LM02952-A;onbekend;;DELFT;
149570;beeldhouwkunst;;;;Houten okimono voorstellende een zittende aap.;Rijksdienst voor het Cultureel Erfgoed;AMERSFOORT;hout;;toegepaste kunst;netsuke;LM02952-B;onbekend;;DELFT;
149697;meubel;;;;Perzisch;Rijksdienst voor het Cultureel Erfgoed;AMERSFOORT;textielmaterialen;;toegepaste kunst;tapijt;LM03852;onbekend;;DELFT;
149716;keramiek;heilige;Religieuze kunst;;Fragment van een huisaltaar, halfrond, in het middengedeelte vier rijen met boeddha’s;Rijksdienst voor het Cultureel Erfgoed;AMERSFOORT;aardewerk;;toegepaste kunst;huisaltaar;LM03944;onbekend;onbekend;DELFT;
163047;textiel;;;;houten model van een mummie;Rijksdienst voor het Cultureel Erfgoed;AMERSFOORT;hout;polychroom;toegepaste kunst;mummie;LM03927;onbekend;;;
163145;textiel;;;;Kaukasisch tapijt? Turks?;Rijksdienst voor het Cultureel Erfgoed;AMERSFOORT;wol (textiel);;toegepaste kunst;tapijt;LM05083;onbekend;;DELFT;
163146;textiel;;;;Kaukasisch tapijt? Turks?;Rijksdienst voor het Cultureel Erfgoed;AMERSFOORT;wol (textiel);;toegepaste kunst;tapijt;LM05084;onbekend;;DELFT;
163882;textiel;kleding;;;Rode sjaal met motief gelijkend kasjmier in rood, wit, groen en oranje, met franje.;Rijksdienst voor het Cultureel Erfgoed;AMERSFOORT;wol (textiel);;toegepaste kunst;sjaal;XN599-B1;onbekend;;;geweven
169214;textiel;kleding;;;Gewaad, weefsel van paarse wol met gouddraad en ingeweven motieven in rood, groen en zwart.;Rijksdienst voor het Cultureel Erfgoed;AMERSFOORT;wol (textiel);gouddraad;toegepaste kunst;kledingstuk;XN599-B13;onbekend;;;geweven
169215;textiel;kleding;;;Cape met capuchon met kwastjes, zijde met gouddraad in geweven motieven.;Rijksdienst voor het Cultureel Erfgoed;AMERSFOORT;zijde;gouddraad;toegepaste kunst;kledingstuk;XN599-B9;onbekend;;;
169605;textiel;kleding;;;Witte sjaal van zijde met gouddraad (lamé?). Franje van zijden koord met kwastjes.;Rijksdienst voor het Cultureel Erfgoed;AMERSFOORT;zijde;gouddraad;toegepaste kunst;sjaal;XN599-B2;onbekend;;;geweven
169606;textiel;kleding;;;Witte sjaal met gekleurde strepen, ruitjes en bloemen. Franje kwastjes van zijde en metaaldraad.;Rijksdienst voor het Cultureel Erfgoed;AMERSFOORT;zijde;metaaldraad;toegepaste kunst;sjaal;XN599-B3;onbekend;;;geweven
169607;textiel;kleed;;;Rood kleed met een rand van bloemen, in het midden een bladvormig medaillon met bloem. In de hoeken driehoeken met in het veld sterren.;Rijksdienst voor het Cultureel Erfgoed;AMERSFOORT;zijde;metaaldraad;toegepaste kunst;kleed;XN599-B4;onbekend;;;geweven
169608;textiel;stof (textiel);;;Blauwe lap stof met een brede rand rondom met kasjmier- of gülmotief (bloem) in goud- en zilverdraad opgelegd en passement met gouddraad aan lange zijden. Bijbehorende houten stok met rode uiteinden.;Rijksdienst voor het Cultureel Erfgoed;AMERSFOORT;zijde;wol (textiel);toegepaste kunst;lap;XN599-B5;onbekend;;;geweven
169609;textiel;kleding;;;Oranje sjaal met borduursel in meerdere kleuren aan de randen. Franje van gele zijde.;Rijksdienst voor het Cultureel Erfgoed;AMERSFOORT;zijde;;toegepaste kunst;sjaal;XN599-B7;onbekend;;;geweven
169611;textiel;kleed;;;Vaandel met met zwarte wollen Japanse tekens (karakters) op een lichtroze achtergrond met groene fluwelen randen en groene franje van zijden koord aan de onderrand.;Rijksdienst voor het Cultureel Erfgoed;AMERSFOORT;zijde;fluweel;toegepaste kunst;vlag;XN599-B8;onbekend;;;geweven
169612;textiel;kleding;;;Oranje lap stof (sjerp) met een ingeweven patroon van strepen, ruit- en bloemmotieven. Aan een van de uiteinden is het jaartal 1948 ingeweven.;Rijksdienst voor het Cultureel Erfgoed;AMERSFOORT;katoen;;toegepaste kunst;sjerp;XN599-B10;onbekend;onbekend;;geweven
169613;textiel;kleding;;;Rood vilten band (sjerp) met blauw vilten borduursel in kettingsteek van een bloemenvaas of -kelk.;Rijksdienst voor het Cultureel Erfgoed;AMERSFOORT;wol (textiel);vilt;toegepaste kunst;sjerp;XN599-B11;onbekend;;;geborduurd
169614;textiel;;;;Paarse lap stof met ingeweven motieven in een ruiten raster in blauw, groen, oranje, geel en metaaldraad.;Rijksdienst voor het Cultureel Erfgoed;AMERSFOORT;zijde;metaaldraad;toegepaste kunst;lap;XN600-B1;onbekend;;;geweven
169615;textiel;;;;Paarse lap stof met groen, geel, blauw en metaaldraad. Herhalend patroon van ruiten in vierkanten. Twee aan elkaar gestikte delen.;Rijksdienst voor het Cultureel Erfgoed;AMERSFOORT;zijde;metaaldraad;toegepaste kunst;lap;XN600-B2;onbekend;;;geweven
169616;textiel;;;;Lap stof met herhalende banen ingeweven motieven van o.a. swastika's, draken, rozetten en golven in o.a. groen, rood, geel, paars en bruin. In de koker zat Japans papier, mogelijk is dit de originele verpakking?;Rijksdienst voor het Cultureel Erfgoed;AMERSFOORT;zijde;;toegepaste kunst;lap;XN600-B3;onbekend;;;geweven
169617;textiel;;;;Paarse lap stof met herhalende banen ingeweven motieven van een veelkleurig bloemmotief, bladmotief van zilveren lamellen, vlinders en witte strepen. In de koker zat Japans papier, mogelijk is dit de originele verpakking?;Rijksdienst voor het Cultureel Erfgoed;AMERSFOORT;zijde;zilver;toegepaste kunst;lap;XN600-B4;onbekend;;;geweven
169624;textiel;;;;Blauwe lap stof met een raster van zilveren of gouden lamellen en met herhalende banen ingeweven motieven van meerkleurige pioenrozen en andere bloemen en medaillons met draken of feniksen. Originele verpakking van houten stok en Japans papier.;Rijksdienst voor het Cultureel Erfgoed;AMERSFOORT;zijde;zilver;toegepaste kunst;lap;XN600-B5;onbekend;;;geweven
169625;textiel;;;;Lap stof met herhalende ruitpatronen met bloemmotief en meanderpatroon in ieder verschillende kleurstellingen. Originele verpakking van houten stok met goudkleurige stof aan uiteinden.;Rijksdienst voor het Cultureel Erfgoed;AMERSFOORT;zijde;hout;toegepaste kunst;lap;XN600-B6;onbekend;;;geweven
169626;textiel;;;;Lap stof met lusjes in het weefsel met rood-witte decoratie van vlinders en bloempatronen op een goudbruine achtergrond met groene rand aan de lange zijden.;Rijksdienst voor het Cultureel Erfgoed;AMERSFOORT;zijde;metaal;toegepaste kunst;lap;XN600-B7;onbekend;;;geweven
169627;textiel;;;;Lichtgroene lap stof met zilveren lamellen erin geweven.;Rijksdienst voor het Cultureel Erfgoed;AMERSFOORT;zijde;zilver;toegepaste kunst;lap;XN600-B8;onbekend;;;geweven
169628;textiel;;;;Lichtblauwe lap stof met meerkleurige bloemdecoratie. Originele verpakking van opgerold Japans papier.;Rijksdienst voor het Cultureel Erfgoed;AMERSFOORT;zijde;;toegepaste kunst;lap;XN600-B9;onbekend;;;damast
170223;textiel;stof (textiel);;;Lichtblauwe lap stof met zijde borduursel met franjerand;Rijksdienst voor het Cultureel Erfgoed;AMERSFOORT;zijde;gouddraad;toegepaste kunst;doek;XN599-B6;onbekend;;;geborduurd
13289;sculptuur;beeldhouwkunst;fragment;archeologica;Een figuur met oorringen en hoofdtooi. Fragment afkomstig van kleine figurines uit graven.;Rijksdienst voor het Cultureel Erfgoed;AMERSFOORT;aardewerk;pigment;ethnografica;figuurplastiek;AB15398;Teotihuacan, Volk van;Mexico;Rotterdam;
13290;sculptuur;beeldhouwkunst;fragment;archeologica;Fragment van een beeld: oorlogs-/regengod met grote ogen. Fragment afkomstig van kleine figurines uit graven.;Rijksdienst voor het Cultureel Erfgoed;AMERSFOORT;aardewerk;pigment;ethnografica;figuurplastiek;AB15399;Teotihuacan, Volk van;Mexico;Rotterdam;
13296;sculptuur;beeldhouwkunst;fragment;archeologica;Vooroudergod: gezicht met hoge hoofdtooi. Fragment afkomstig van kleine figurines uit graven.;Rijksdienst voor het Cultureel Erfgoed;AMERSFOORT;aardewerk;pigment;ethnografica;figuurplastiek;AB15400;Teotihuacan, Volk van;Mexico;Rotterdam;
13298;sculptuur;beeldhouwkunst;fragment;archeologica;Gezicht van oude god met veel rimpels. Fragment afkomstig van kleine figurines uit graven.;Rijksdienst voor het Cultureel Erfgoed;AMERSFOORT;aardewerk;pigment;ethnografica;figuurplastiek;AB15402;Teotihuacan, Volk van;Mexico;Rotterdam;
13299;sculptuur;beeldhouwkunst;fragment;archeologica;Vooroudergod: gezicht met hoofdtooi en oorringen. Fragment afkomstig van kleine figurines uit graven.;Rijksdienst voor het Cultureel Erfgoed;AMERSFOORT;aardewerk;pigment;ethnografica;figuurplastiek;AB15403;Teotihuacan, Volk van;Mexico;Rotterdam;
13301;sculptuur;beeldhouwkunst;fragment;archeologica;Oude god. Klein reliëf van zittende man met handen om de knieën geslagen. Fragment afkomstig van kleine figurines uit graven.;Rijksdienst voor het Cultureel Erfgoed;AMERSFOORT;aardewerk;pigment;ethnografica;figuurplastiek;AB15405;Teotihuacan, Volk van;Mexico;Rotterdam;
13302;sculptuur;beeldhouwkunst;fragment;archeologica;Reliëf van staande figuur met oorringen en hoofdtooi. Fragment afkomstig van kleine figurines uit graven.;Rijksdienst voor het Cultureel Erfgoed;AMERSFOORT;aardewerk;pigment;ethnografica;figuurplastiek;AB15406;Teotihuacan, Volk van;Mexico;Rotterdam;
13304;sculptuur;beeldhouwkunst;fragment;archeologica;Gezicht onder volumineuze hoofdtooi. Fragment afkomstig van kleine figurines uit graven.;Rijksdienst voor het Cultureel Erfgoed;AMERSFOORT;aardewerk;pigment;ethnografica;figuurplastiek;AB15408;Teotihuacan, Volk van;Mexico;Rotterdam;
13305;sculptuur;beeldhouwkunst;fragment;archeologica;Gezicht met op het voorhoofd een cirkelvormig teken, mogelijk een figuur met dwerggroei voorstellend. Fragment afkomstig van kleine figurines uit graven.;Rijksdienst voor het Cultureel Erfgoed;AMERSFOORT;aardewerk;pigment;ethnografica;figuurplastiek;AB15409;Teotihuacan, Volk van;Mexico;Rotterdam;
13313;sculptuur;beeldhouwkunst;fragment;archeologica;Figuur in mantel en met hoofdtooi, vooroudergod. Fragment afkomstig van kleine figurines uit graven.;Rijksdienst voor het Cultureel Erfgoed;AMERSFOORT;aardewerk;pigment;ethnografica;figuurplastiek;AB15410;Teotihuacan, Volk van;Mexico;Rotterdam;
13315;sculptuur;beeldhouwkunst;fragment;archeologica;Oorlogs-/vuurgod: gezicht met opengesperde mond. Fragment afkomstig van kleine figurines uit graven.;Rijksdienst voor het Cultureel Erfgoed;AMERSFOORT;aardewerk;pigment;ethnografica;figuurplastiek;AB15412;Teotihuacan, Volk van;Mexico;Rotterdam;
13316;sculptuur;beeldhouwkunst;fragment;archeologica;Fragment van beeld: gezicht met wijd uitlopende ketting. Fragment afkomstig van kleine figurines uit graven.;Rijksdienst voor het Cultureel Erfgoed;AMERSFOORT;aardewerk;pigment;ethnografica;figuurplastiek;AB15413;Teotihuacan, Volk van;Mexico;Rotterdam;
13317;sculptuur;beeldhouwkunst;fragment;archeologica;Figuur met oorringen zit vast in brede band die om het middenlijf gewikkeld is. Fragment afkomstig van kleine figurines uit graven.;Rijksdienst voor het Cultureel Erfgoed;AMERSFOORT;aardewerk;pigment;ethnografica;figuurplastiek;AB15414;Teotihuacan, Volk van;Mexico;Rotterdam;
13318;sculptuur;beeldhouwkunst;fragment;archeologica;Gezicht omlijst met haar in twee symmetrische haarstrengen. Fragment afkomstig van kleine figurines uit graven.;Rijksdienst voor het Cultureel Erfgoed;AMERSFOORT;aardewerk;pigment;ethnografica;figuurplastiek;AB15415;Teotihuacan, Volk van;Mexico;Rotterdam;
13319;sculptuur;beeldhouwkunst;fragment;archeologica;Gezicht van figuur met muts. Fragment afkomstig van kleine figurines uit graven.;Rijksdienst voor het Cultureel Erfgoed;AMERSFOORT;aardewerk;pigment;ethnografica;figuurplastiek;AB15416;Teotihuacan, Volk van;Mexico;Rotterdam;
13322;sculptuur;beeldhouwkunst;fragment;archeologica;Roodgekleurd gezicht van vooroudergod. Fragment afkomstig van kleine figurines uit graven.;Rijksdienst voor het Cultureel Erfgoed;AMERSFOORT;aardewerk;pigment;ethnografica;figuurplastiek;AB15419;Teotihuacan, Volk van;Mexico;Rotterdam;
13328;sculptuur;beeldhouwkunst;fragment;archeologica;Staande figuur, mogelijk een figuur met dwerggroei voorstellend. Fragment afkomstig van kleine figurines uit graven.;Rijksdienst voor het Cultureel Erfgoed;AMERSFOORT;aardewerk;pigment;ethnografica;figuurplastiek;AB15420;Teotihuacan, Volk van;Mexico;Rotterdam;
13329;sculptuur;beeldhouwkunst;fragment;archeologica;Fragment van vooroudergod: figuur met oorringen. Fragment afkomstig van kleine figurines uit graven.;Rijksdienst voor het Cultureel Erfgoed;AMERSFOORT;aardewerk;pigment;ethnografica;figuurplastiek;AB15421;Teotihuacan, Volk van;Mexico;Rotterdam;
13330;sculptuur;beeldhouwkunst;fragment;archeologica;Figuur met rood gezicht en waaiervormige hoofdtooi. Fragment afkomstig van kleine figurines uit graven.;Rijksdienst voor het Cultureel Erfgoed;AMERSFOORT;aardewerk;pigment;ethnografica;figuurplastiek;AB15422;Teotihuacan, Volk van;Mexico;Rotterdam;
13331;sculptuur;beeldhouwkunst;fragment;archeologica;Gezicht van oude god: man met baard en 1 tand. Fragment afkomstig van kleine figurines uit graven.;Rijksdienst voor het Cultureel Erfgoed;AMERSFOORT;aardewerk;pigment;ethnografica;figuurplastiek;AB15423;Teotihuacan, Volk van;Mexico;Rotterdam;
13332;sculptuur;beeldhouwkunst;fragment;archeologica;Oorlogsgod: figuur met kringen rond de ogen. Fragment afkomstig van kleine figurines uit graven.;Rijksdienst voor het Cultureel Erfgoed;AMERSFOORT;aardewerk;pigment;ethnografica;figuurplastiek;AB15424;Teotihuacan, Volk van;Mexico;Rotterdam;
13334;sculptuur;beeldhouwkunst;fragment;archeologica;Gezicht met oorringen en bijzondere haardracht. Fragment afkomstig van kleine figurines uit graven.;Rijksdienst voor het Cultureel Erfgoed;AMERSFOORT;aardewerk;pigment;ethnografica;figuurplastiek;AB15426;Teotihuacan, Volk van;Mexico;Rotterdam;
13335;sculptuur;beeldhouwkunst;fragment;archeologica;Gezicht met oorringen en bijzondere haardracht. Fragment afkomstig van kleine figurines uit graven.;Rijksdienst voor het Cultureel Erfgoed;AMERSFOORT;aardewerk;pigment;ethnografica;figuurplastiek;AB15427;Teotihuacan, Volk van;Mexico;Rotterdam;
13337;sculptuur;beeldhouwkunst;fragment;archeologica;Figuur in mantel en met hoofdtooi. Fragment afkomstig van kleine figurines uit graven.;Rijksdienst voor het Cultureel Erfgoed;AMERSFOORT;aardewerk;pigment;ethnografica;figuurplastiek;AB15429;Teotihuacan, Volk van;Mexico;Rotterdam;
13345;sculptuur;beeldhouwkunst;fragment;archeologica;Regen-/oorlogsgod: hoofd met gespleten tong. Fragment afkomstig van kleine figurines uit graven.;Rijksdienst voor het Cultureel Erfgoed;AMERSFOORT;aardewerk;pigment;ethnografica;figuurplastiek;AB15430;Teotihuacan, Volk van;Mexico;Rotterdam;
13346;sculptuur;beeldhouwkunst;fragment;archeologica;Figuur met oorringen en getorst haar houdt kruik in de handen. Fragment afkomstig van kleine figurines uit graven.;Rijksdienst voor het Cultureel Erfgoed;AMERSFOORT;aardewerk;pigment;ethnografica;figuurplastiek;AB15431;Teotihuacan, Volk van;Mexico;Rotterdam;
13347;sculptuur;beeldhouwkunst;fragment;archeologica;Fragment van figuur met twee staarten aan weerszijden. Fragment afkomstig van kleine figurines uit graven.;Rijksdienst voor het Cultureel Erfgoed;AMERSFOORT;aardewerk;pigment;ethnografica;figuurplastiek;AB15432;Teotihuacan, Volk van;Mexico;Rotterdam;
13348;sculptuur;beeldhouwkunst;fragment;archeologica;Een man met hoed, waarschijnlijk Azteeks;Rijksdienst voor het Cultureel Erfgoed;AMERSFOORT;aardewerk;pigment;ethnografica;figuurplastiek;AB15433;onbekend;Mexico;Rotterdam;
13349;sculptuur;beeldhouwkunst;fragment;archeologica;Oude god met gerimpeld gezicht en brede hoofdtooi. Fragment van een kruik, grafgift.;Rijksdienst voor het Cultureel Erfgoed;AMERSFOORT;aardewerk;pigment;ethnografica;figuurplastiek;AB15434;Teotihuacan, Volk van;Mexico;Rotterdam;
22898;blad;;;;Zilveren schenkpiring, enigszins grof uitgevoerd, vierkant blad met naar binnen zwenkende hoeken en een rand van meanderende voluten die worden afgewisseld door bladmotieven.;Rijksdienst voor het Cultureel Erfgoed;AMERSFOORT;zilver;;toegepaste kunst;schenkpiring;AB24359;onbekend;Batavia;ZANDVOORT;
22900;kist;;;;"Bijbelkistje van palissanderhout of coromandelhout, met zilverbeslag, uit Ceylon.
De wanden van het kistje zijn regelmatig geschulpt, de achterkant rond geribd. Het hartvormige zilveren sleutelplaatje is versierd met bloemmotieven en wordt omgeven door vier zilveren noppen in de vorm van een bloem. Ook het deksel heeft vier noppen in de vorm van een bloem. De twee scharnieren aan de binnenkant van het deksel hebben ieder een vierkant plaatje met een rij gestileerde bloempjes. Een zilveren (los te maken) ketting verbindt het deksel met het kistje.";Rijksdienst voor het Cultureel Erfgoed;AMERSFOORT;palissanderhout;zilver;toegepaste kunst;kist;AB24360;onbekend;Ceylon;ZANDVOORT;
22901;blad;;;;"Zilveren gelobde schaal, ovaal met acht lobben, eenvoudig versierd met een fries van knerren waartussen op de inspringende gedeelten een bladmotief is verwerkt; aan de binnenkant van deze versiering is een koordmotief aangebracht.";Rijksdienst voor het Cultureel Erfgoed;AMERSFOORT;zilver;;toegepaste kunst;schaal;AB24361;onbekend;Batavia;ZANDVOORT;
22903;blad;;;;"Zilveren schenkpiring met geschulpte rand met een versiering van onder meer knerren en acanthusbladeren; in het plat zijn de sporen zichtbaar van een weggepoetste stervorm.";Rijksdienst voor het Cultureel Erfgoed;AMERSFOORT;zilver;;toegepaste kunst;schenkpiring;AB24363;onbekend;Batavia;ZANDVOORT;
22904;blad;;;;"Zilveren blaadje op voet, achtlobbig model, gegraveerd met pseudo-monogram binnen een omlijsting van bladvoluten die aan de bovenkant samenkomen in een kroon; de geschulpte rand is versierd met een fries van knerren die op de inspringende gedeelten worden onderbroken door een gestileerd acanthusblad, op een plastisch opgetrokken voet die middels een schroef met de schotel is verbonden.";Rijksdienst voor het Cultureel Erfgoed;AMERSFOORT;zilver;;toegepaste kunst;blad;AB24364;onbekend;Batavia;ZANDVOORT;
22905;kist;;;;Het rechthoekige schildpad documentenkistje met plat deksel is voorzien van (verguld) zilveren beslag op de hoeken van deksel en wand, op het deksel, op de zijkanten en rond het sleutelgat. Dit beslag is versierd met een symmetrisch bloempatroon in reliëf. Het kistje rust op vier zilveren klauwpootjes, heeft aan de zijkanten een zilveren handgreep en heeft een zilveren sleuteltje met ketting. Op het deksel en op de hoeken van de sleutelplaat zijn bloemvormige rozetten aangebracht, waarin een geslepen glazen steentje. Op de achterwand twee zilveren scharnierplaten met gegraveerde, eenvoudige versiering en eenzelfde rozet (één ontbreekt). Aan de binnenkant van het deksel twee gladde scharnierplaten die palmetvormig eindigen. Het deksel is d.m.v. een zilveren ketting bevestigd aan een plaatje in de vorm van een vogel, verbonden met de binnenwand van het kistje. In het kistje zijn de gleuven voor de indeling zichtbaar.;Rijksdienst voor het Cultureel Erfgoed;AMERSFOORT;schildpad;zilver;toegepaste kunst;kist;AB24365;onbekend;Batavia;ZANDVOORT;beslagen
22906;blad;;;;;Rijksdienst voor het Cultureel Erfgoed;AMERSFOORT;zilver;;toegepaste kunst;schenkpiring;AB24366;onbekend;Batavia;ZANDVOORT;
22907;doos;;;;Ebbenhouten VOC-doos met zilverbeslag.;Rijksdienst voor het Cultureel Erfgoed;AMERSFOORT;ebbenhout;zilver;toegepaste kunst;doos;AB24367;onbekend;Indonesië;ZANDVOORT;
22908;kist;meubel;;;"Sirihkist, rechthoekig, van tropisch ebbenhout met beslag van zilver. Heeft een scharnierend deksel (scharnierplaten). Beslag op de hoeken van wanden en deksel en als achterplaat van het handvat op de deksel. De slotplaat in de vorm van een betel- / pinangnoot, met sleutel van zilver. Rond de slotplaat vier rozetten. Op het deksel zes rozetten.
Voor het bewaren van sirihbladeren en betel- of arekanoten.";Rijksdienst voor het Cultureel Erfgoed;AMERSFOORT;amboinahout;ebbenhout;toegepaste kunst;sirihkistje;AB24368;onbekend;Batavia;ZANDVOORT;beslagen
22912;kist;meubel;;;"Rechthoekig zilveren sirihkistje op vier afgeplatte bolpootjes met een scharnierend plat deksel, aan weerszijde een handvat opgebouwd uit C-voluten en een binnenwerk bestaande uit twee uitneembare scheidingswanden. Op deksel en voorkant aan weerskanten van het sleutelgat vier geribde noppen, aan de achterkant twee. Op het deksel een ovaal medaillon gegraveerd waarin een bloem met bladeren, waaromheen een strik. Langs de rand een lijst met bloem- en bladrank; in de hoeken een waaiervorm waarin bloempjes. Rond het sleutelgat een twee-koppige vogel gegraveerd en in alle hoeken een bloem- en bladornament.";Rijksdienst voor het Cultureel Erfgoed;AMERSFOORT;zilver;;toegepaste kunst;kist;AB24371;onbekend;Batavia;ZANDVOORT;
22913;schaal;;;;Filigrain zilveren rond schaaltje, staand op drie filigrain bewerktje pootjes, niet gekeurd.;Rijksdienst voor het Cultureel Erfgoed;AMERSFOORT;zilver;;toegepaste kunst;schaal;AB24372;onbekend;Batavia;ZANDVOORT;filigrain
22914;pot;;;;Het bolvormige lichaam van de zilveren kwispedoor op holle, uitlopende voet, is verdeeld in twaalf sementen, waarvan de lijnen aan de onderkant stervormig samenkomen. De wijd uitstaande, trechtervormige hals met rand is aan de binnenkant van het lichaam vastgemaakt met drie platte nageltjes, die ook aan de buitenkant zichtbaar zijn. De rand is versierd met vier opgelegde randen op twaalf plaatsen bij elkaar gehouden, afwisselend door één of twee blaadjes.;Rijksdienst voor het Cultureel Erfgoed;AMERSFOORT;zilver;;toegepaste kunst;kwispedoor;AB24373;onbekend;Batavia;ZANDVOORT;
22916;blad;;;;Zilveren schenkpiring. Het blad heeft een regelmatig geschulpte rand met bolle en hoekige zijden, waarop vier symmetrisch naar elkaar toegewende bladmotieven eindigend in een krul.;Rijksdienst voor het Cultureel Erfgoed;AMERSFOORT;zilver;;toegepaste kunst;schenkpiring;AB24375;onbekend;Batavia;ZANDVOORT;
22917;blad;;;;Rond gelobde zilveren schotel. De rand is gedreven met acht hartvormige lobben, waartussen een verhoogde driehoek, aan de onderkant geflankeerd door twee bladmotieven waarin punten. Daaronder een bolvormig ornament waaraan een acanthusblad met schelpmotief. De overgang van rand naar bodem bestaat uit een rij ingeslagen noppen.;Rijksdienst voor het Cultureel Erfgoed;AMERSFOORT;zilver;;toegepaste kunst;schaal;AB24376;onbekend;Batavia;ZANDVOORT;
25099;wapen;vuurwapen;;;Boordkanon, zogenaamde Lantaka, van brons,;Rijksdienst voor het Cultureel Erfgoed;AMERSFOORT;brons;;toegepaste kunst;kanon;AB32;onbekend;Indonesië;Djakarta;
87584;keramiek;kruik;PERU;;Een fles met een dubbele kamer met een tuit. Het handvat bevindt zich tussen de tuit en de nek van de vogel. Waarschijnlijk stelt de vogel een havik voor van de Buteo-soort.;Rijksdienst voor het Cultureel Erfgoed;AMERSFOORT;terracotta;;toegepaste kunst;dodenkruik;LM00227;onbekend;PERU;DELFT;
87585;keramiek;kruik;PERU;;Vaasvorm met mensenhoofd aan de hals, verbonden met twee takvormige uiteinden. Terracotta van donkergrijze kleur.;Rijksdienst voor het Cultureel Erfgoed;AMERSFOORT;terracotta;;toegepaste kunst;dodenkruik;LM00228;onbekend;PERU;DELFT;
87586;keramiek;kruik;Puno (regio);;De voorzijde wordt gevormd door een lachend masker, dat de tong uitsteekt en een kap met oren op heeft. Aan de achterzijde gestileerde haren met rechte strepen.;Rijksdienst voor het Cultureel Erfgoed;AMERSFOORT;terracotta;;toegepaste kunst;dodenkruik;LM00229;onbekend;PERU;DELFT;
87587;keramiek;kruik;Puno (regio);;Dodenkruik in de vorm van een veldfles van licht rode terracotta. De hals is met witte strepen en cirkels versierd. Aan de voorzijde een kop en twee poten van een aap gemodelleerd.;Rijksdienst voor het Cultureel Erfgoed;AMERSFOORT;terracotta;;toegepaste kunst;dodenkruik;LM00230;onbekend;PERU;DELFT;
87588;keramiek;kruik;Puno (regio);;Kruik met aan de bovenzijde een toelopende tuit en oren met neushoornvormen en maskers. Tussen tuit en buik een gezicht. Over het midden van de buik inkervingen en aan de voet een golvende lijn en gekanteelde rand. Terracotta in donkergrijze kleur.;Rijksdienst voor het Cultureel Erfgoed;AMERSFOORT;terracotta;;toegepaste kunst;dodenkruik;LM00231;onbekend;PERU;DELFT;
87589;keramiek;kruik;PERU;;De kamer van deze fles bestaat uit 'natuurlijke gevormde' vruchten, waarvan er twee uitkomen op een soort dubbele buis die uitloopt in de flessenhals.;Rijksdienst voor het Cultureel Erfgoed;AMERSFOORT;terracotta;;toegepaste kunst;dodenkruik;LM00232;onbekend;PERU;DELFT;
87590;keramiek;kruik;PERU;;Op verbinding van vaas en tuit een gezicht met oren, kraag en gebogen armen. Terracotta in donkergrijze kleur.;Rijksdienst voor het Cultureel Erfgoed;AMERSFOORT;terracotta;;toegepaste kunst;dodenkruik;LM00233;onbekend;PERU;DELFT;
87593;keramiek;kruik;PERU;;Vaasvorm met uitgebogen geribte hals en rechte tuit met meander versierd. Op de buik tijgerkoppen en ingekraste vruchten. Terracotta in donker bruine kleur.;Rijksdienst voor het Cultureel Erfgoed;AMERSFOORT;terracotta;"ingekrast ; terracotta";toegepaste kunst;dodenkruik;LM00236;onbekend;PERU;DELFT;
87595;keramiek;kruik;Palpa;;Op de buik twaalf rood gekleurde reliëfnokjes versierd met tweekoppige draken en in het midden een zeeplant. Terracotta in licht gele aarde met rode beschildering.;Rijksdienst voor het Cultureel Erfgoed;AMERSFOORT;terracotta;;toegepaste kunst;dodenkruik;LM00238;onbekend;PERU;DELFT;
87597;keramiek;kruik;EGYPTE;;Canopische vorm van terracotta in rossige kleur met knop als voet. Oppervlakte van de kruik versierd met grove en fijne groeven.;Rijksdienst voor het Cultureel Erfgoed;AMERSFOORT;terracotta;;toegepaste kunst;waterkruik;LM00240;onbekend;Ber Negib[EG] N R Absciel[EG];DELFT;ingekrast
88383;Oosters tapijt;textiel;;;Soumak-tapijt met rand opgebouwd uit vier hoofdgeledingen met sterren als hoofdmotief. Middenveld wordt door drie en een half compartiment ingenomen, in een rechtlijnige verdeling in donkerblauw, lichtgroen en goudkleurige grond. Daartegenaan een dof rode grond. Dit alles is versierd met rechtlijnige figuren en gestileerde bloemen.;Rijksdienst voor het Cultureel Erfgoed;AMERSFOORT;wol (textiel);geknoopt;toegepaste kunst;tapijt;LM02805;onbekend;Anatolië[TR];DELFT;geknoopt
88389;Oosters tapijt;textiel;;;Carmijnrood oosters tapijt (deurkleed) met geel en blauwgroen. Doorlopende rand, zigzagvormige dwarsmotieven aan de korte zijden en een langwerpige ruit in het midden.;Rijksdienst voor het Cultureel Erfgoed;AMERSFOORT;wol (textiel);geknoopt;toegepaste kunst;tapijt;LM02811;onbekend;Afghanistan?;DELFT;geknoopt
88401;Oosters tapijt;textiel;;;Versiering van schuine ruitvormen, waaromheen een rand in zwart, rood, lila, blauw en lichtgrijs. Aan weerszijden hetzelfde patroon.;Rijksdienst voor het Cultureel Erfgoed;AMERSFOORT;wol (textiel);;toegepaste kunst;tapijt;LM02825;onbekend;Perzie?;DELFT;geknoopt
88409;Oosters tapijt;textiel;tapijt;;Tapijt met een middenveld versierd met kleurige rozetten op lichte, ecru grond, omsloten door een driedubbele rand. Aan het ene korte einde twee zwikvullingen op rode grond.;Rijksdienst voor het Cultureel Erfgoed;AMERSFOORT;wol;;toegepaste kunst;tapijt;LM02833;onbekend;Kaukasus[SU];DELFT;geknoopt
88410;Oosters tapijt;textiel;tapijt;;Tapijt met in het midden afwisselend smalle donkere banen met schuingeplaatste kleurvlakken of geometrische figuren uitgespaard tegen lichte achtergrond. De grotere en kleine rand is versierd met zigzag motief.;Rijksdienst voor het Cultureel Erfgoed;AMERSFOORT;wol (textiel);;toegepaste kunst;tapijt;LM02834;onbekend;Kaukasus[SU]?;DELFT;geknoopt
